{
  "mean": 0.8437375835949074,
  "median": 0.8805423785963491,
  "std": 0.6596841022932853,
  "min": 0.0,
  "max": 11.859987984744356,
  "num_hard": 217,
  "num_easy": 383,
  "num_ambiguous": 20,
  "num_infinite": 0
}