{
  "mean": 0.6975204815231751,
  "median": 0.8771604938271605,
  "std": 0.714671512372247,
  "min": 0.0,
  "max": 11.807443365695793,
  "num_hard": 150,
  "num_easy": 533,
  "num_ambiguous": 322,
  "num_infinite": 35
}