{
  "mean": 0.44585724938822113,
  "median": 0.26322671201681413,
  "std": 0.5801394129532366,
  "min": 0.0,
  "max": 3.935028881994279,
  "num_hard": 21,
  "num_easy": 162,
  "num_ambiguous": 5,
  "num_infinite": 0
}