,dataset,encoding,layer_type,alpha,eps,test_mean,test_ci,val_mean,val_ci,train_mean,train_ci,energy_mean,energy_ci,last_layer_fa,run_duration
0,mutag,,Unitary,0.1,0.001,77.87234042553192,0.024333580349780077,85.1063829787234,0.02251703243459226,88.82978723404256,0.0304820186848817,0.0,0.0,False,11355.806881666183
0,enzymes,,Unitary,,0.1,0.001,31.466666666666665,0.03525652027954861,33.466666666666676,0.041380618114711075,43.4,0.06765664950485077,0.0,0.0,False,2950.000810623169
0,proteins,,Unitary,,0.1,0.001,71.89964157706093,0.02151493216608351,74.82014388489209,0.017145863723471946,74.02877697841727,0.018386890418106365,0.0,0.0,False,4543.021591663361
0,mutag,,Unitary,,0.1,0.001,68.08510638297872,0.04962512250932172,68.08510638297871,0.017021276595744705,68.29787234042553,0.039185921474796034,0.0,0.0,False,124.61559176445007
0,imdb,,Unitary,,0.1,0.001,65.52,0.0264266532122401,70.55999999999999,0.012516868617989096,67.48,0.025863642434893017,0.0,0.0,False,4063.865744829178
0,mutag,,Unitary,,0.1,0.001,72.76595744680851,0.04238263692932332,70.63829787234043,0.07059214077728584,74.68085106382978,0.05593762289414462,0.0,0.0,False,217.3015968799591
0,enzymes,,Unitary,,0.1,0.001,30.93333333333333,0.01168474789344354,34.93333333333333,0.02760998209182887,39.800000000000004,0.014434526509572653,0.0,0.0,False,2063.4487771987915
0,proteins,,Unitary,,0.1,0.001,72.32974910394265,0.01783779901361524,74.74820143884891,0.014869652584476329,72.41007194244605,0.019158855557846466,0.0,0.0,False,3138.389797925949
0,imdb,,Unitary,,0.1,0.001,66.08000000000001,0.02593777168532408,69.12,0.014021697472132225,65.12,0.02401599467021928,0.0,0.0,False,3426.689480781555
0,reddit,,Unitary,,0.1,0.001,89.56,0.012258548038001901,90.28,0.012005332148674615,90.82000000000001,0.006983408909694469,0.0,0.0,False,141695.75849080086
