,dataset,encoding,layer_type,layer_types,alpha,eps,test_mean,test_ci,val_mean,val_ci,train_mean,train_ci,energy_mean,energy_ci,last_layer_fa,run_duration
0,enzymes,,SAGE,,0.1,0.001,31.73333333333333,0.07453321407265355,33.86666666666667,0.02541040906575274,42.86666666666667,0.06303720241959417,0.0,0.0,False,82.15187382698059
0,proteins,,SAGE,,0.1,0.001,70.75268817204301,0.02949365647741656,73.59712230215827,0.02197249976267173,72.05035971223022,0.024494263526522765,0.0,0.0,False,77.42400360107422
0,mutag,,SAGE,,0.1,0.001,68.08510638297874,0.06254016364552792,68.08510638297871,0.07120510864119793,66.17021276595743,0.024370759256640583,0.0,0.0,False,13.035428047180176
0,imdb,,SAGE,,0.1,0.001,47.44,0.017321431811487174,51.760000000000005,0.016410728198346363,50.39999999999999,0.005768882040742388,0.0,0.0,False,37.461092472076416
0,collab,,SAGE,,0.1,0.001,51.92,0.01014960097737836,52.0,0.004767892616240425,52.04,0.0064039987507806505,0.0,0.0,False,3998.584719181061
0,reddit,,SAGE,,0.1,0.001,50.03999999999999,0.01980383801186023,48.52,0.01925325946430889,50.72000000000001,0.0075131884043993,0.0,0.0,False,711.5166881084442
0,mutag,,SAGE,,0.1,0.001,68.51063829787233,0.06065882444665687,65.1063829787234,0.04753783844687298,69.36170212765957,0.030329412223328422,0.0,0.0,False,14.631915092468262
0,imdb,,SAGE,,0.1,0.001,48.64,0.015111320259990518,50.480000000000004,0.012475896761355484,50.440000000000005,0.011994665480954448,0.0,0.0,False,36.629533767700195
0,proteins,,SAGE,,0.1,0.001,71.3978494623656,0.013045807215572549,74.02877697841726,0.01025526888126931,73.41726618705036,0.017097497297856618,0.0,0.0,False,77.27072954177856
0,enzymes,,SAGE,,0.1,0.001,31.733333333333334,0.029114334003106517,35.6,0.0325726538338186,46.06666666666667,0.03801286331990498,0.0,0.0,False,81.58293867111206
0,reddit,,SAGE,,0.1,0.001,49.2,0.011027239001672186,50.12000000000001,0.01028241216835817,50.339999999999996,0.007257547795226711,0.0,0.0,False,710.4280354976654
0,collab,,SAGE,,0.1,0.001,52.56000000000001,0.012083972856639496,50.944,0.007002079691063213,52.248000000000005,0.00714610943101209,0.0,0.0,False,2449.100872516632
