,dataset,encoding,layer_type,alpha,eps,test_mean,test_ci,val_mean,val_ci,train_mean,train_ci,energy_mean,energy_ci,last_layer_fa,run_duration
0,mutag,,Unitary,0.1,0.001,77.87234042553192,0.024333580349780077,85.1063829787234,0.02251703243459226,88.82978723404256,0.0304820186848817,0.0,0.0,False,11355.806881666183
0,enzymes,,Unitary,,0.1,0.001,31.466666666666665,0.03525652027954861,33.466666666666676,0.041380618114711075,43.4,0.06765664950485077,0.0,0.0,False,2950.000810623169
0,proteins,,Unitary,,0.1,0.001,71.89964157706093,0.02151493216608351,74.82014388489209,0.017145863723471946,74.02877697841727,0.018386890418106365,0.0,0.0,False,4543.021591663361
0,mutag,,Unitary,,0.1,0.001,68.08510638297872,0.04962512250932172,68.08510638297871,0.017021276595744705,68.29787234042553,0.039185921474796034,0.0,0.0,False,124.61559176445007
0,imdb,,Unitary,,0.1,0.001,65.52,0.0264266532122401,70.55999999999999,0.012516868617989096,67.48,0.025863642434893017,0.0,0.0,False,4063.865744829178
